projeto	tipo_classificado	descricao_xml	dim	tipo_pipeline	validacao_geo
ADRIANA OJEDA/DORMITÓRIO	MODULO_COMUM	Armário Despenseiro  400x1215x580mm	400x1215x580	mod	
ADRIANA OJEDA/DORMITÓRIO	MODULO_COMUM	Balcão Inferior 400x500x580mm	400x500x580	mod	
ADRIANA OJEDA/DORMITÓRIO	CANTO_L_DIR	Armário Canto L Direito	950x2550x920	mod	OK
ADRIANA OJEDA/DORMITÓRIO	RODAPE_OCULTO	Painel Carvalho Treviso MDF	362x18x70	comp	
ADRIANA OJEDA/DORMITÓRIO	MODULO_COMUM	Painel Carvalho Treviso MDF	1062x25x250	comp	
ADRIANA OJEDA/DORMITÓRIO	MODULO_COMUM	Painel Carvalho Treviso MDF	1062x25x250	comp	
ADRIANA OJEDA/DORMITÓRIO	MODULO_COMUM	Painel Carvalho Treviso MDF	398x18x70	comp	
ADRIANA OJEDA/DORMITÓRIO	RODAPE_OCULTO	Painel Carvalho Treviso MDF	562x18x70	comp	
ADRIANA OJEDA/DORMITÓRIO	RODAPE_OCULTO	Painel Carvalho Treviso MDF	562x18x70	comp	
ADRIANA OJEDA/DORMITÓRIO	MODULO_COMUM	Painel Carvalho Treviso MDF	390x18x80	comp	
ADRIANA OJEDA/DORMITÓRIO	PAINEL_OCULTO	Painel Carvalho Treviso MDF	580x18x70	comp	
ADRIANA OJEDA/DORMITÓRIO	MODULO_COMUM	Painel Carvalho Treviso MDF	770x18x70	comp	
ADRIANA OJEDA/DORMITÓRIO	MODULO_COMUM	Tamponamento	402x18x600	comp	
ADRIANA OJEDA/DORMITÓRIO	MODULO_COMUM	Tamponamento	402x18x600	comp	
ADRIANA OJEDA/DORMITÓRIO	MODULO_COMUM	Armário c/ Portas de Giro c/ Rodapé	550x2550x300	mod	
ADRIANA OJEDA/DORMITÓRIO	MODULO_COMUM	Painel Carvalho Treviso MDF	598x18x80	comp	
ADRIANA OJEDA/DORMITÓRIO	MODULO_COMUM	Painel Carvalho Treviso MDF	1300x18x80	comp	
ADRIANA OJEDA/DORMITÓRIO	MODULO_COMUM	Painel Carvalho Treviso MDF	580x18x70	comp	
ADRIANA OJEDA/DORMITÓRIO	MODULO_COMUM	Painel Carvalho Treviso MDF	1355x18x70	comp	
ADRIANA OJEDA/DORMITÓRIO	MODULO_COMUM	Tamponamento	2550x18x70	comp	
ADRIANA OJEDA/DORMITÓRIO	MODULO_COMUM	Tamponamento	2470x18x323	comp	
ADRIANA OJEDA/DORMITÓRIO	MODULO_COMUM	Armário c/ Portas de Giro c/ Rodapé	660x2550x580	mod	
ADRIANA OJEDA/DORMITÓRIO 2	NICHO	Nicho	300x1197x165	mod	
ADRIANA OJEDA/DORMITÓRIO 2	MODULO_COMUM	Bancada 1 Porta	430x665x500	mod	
ADRIANA OJEDA/DORMITÓRIO 2	PAINEL_OCULTO	Tamponamento	175x18x100	comp	
ADRIANA OJEDA/DORMITÓRIO 2	MODULO_COMUM	Armário Superior 600x1215x350mm	600x1215x350	mod	
ADRIANA OJEDA/DORMITÓRIO 2	MODULO_COMUM	Balcão Inferior 600x500x350mm	600x500x350	mod	
ADRIANA OJEDA/DORMITÓRIO 2	MODULO_COMUM	Armário c/ Portas de Giro c/ Rodapé	1400x2545x580	mod	
ADRIANA OJEDA/DORMITÓRIO 2	MODULO_COMUM	Tamponamento	600x18x370	comp	
ADRIANA OJEDA/DORMITÓRIO 2	PAINEL_OCULTO	Painel Carvalho Treviso MDF	527,5x18x70	comp	
ADRIANA OJEDA/DORMITÓRIO 2	MODULO_COMUM	Painel Carvalho Treviso MDF	1440x18x80	comp	
ADRIANA OJEDA/DORMITÓRIO 2	MODULO_COMUM	Painel Carvalho Treviso MDF	1440x18x70	comp	
ADRIANA OJEDA/DORMITÓRIO 2	PAINEL_OCULTO	Painel Carvalho Treviso MDF	345x18x70	comp	
ADRIANA OJEDA/DORMITÓRIO 2	PAINEL_OCULTO	Painel Carvalho Treviso MDF	600x18x70	comp	
ADRIANA OJEDA/DORMITÓRIO 2	MODULO_COMUM	Tamponamento	1430x18x70	comp	
ADRIANA OJEDA/DORMITÓRIO 2	RODAPE_OCULTO	Tamponamento	342x18x70	comp	
ADRIANA OJEDA/DORMITÓRIO 2	RODAPE_OCULTO	Tamponamento	342x18x70	comp	
ADRIANA OJEDA/DORMITÓRIO 2	MODULO_COMUM	Tamponamento	580x18x70	comp	
ADRIANA OJEDA/DORMITÓRIO 2	MODULO_COMUM	Tamponamento	2545x18x70	comp	
ADRIANA OJEDA/DORMITÓRIO 2	MODULO_COMUM	Tamponamento	2545x18x70	comp	
ADRIANA OJEDA/DORMITÓRIO 2	MODULO_COMUM	Armário Superior 800x750x300mm	800x750x300	mod	
ADRIANA OJEDA/DORMITÓRIO 2	MODULO_COMUM	Armário Superior 845x480x300mm	845x480x300	mod	
ADRIANA OJEDA/DORMITÓRIO 2	MODULO_COMUM	Balcão Inferior 1946x165x480mm	1946x165x480	mod	
ADRIANA OJEDA/DORMITÓRIO 2	MODULO_COMUM	Armário 1 Porta	425x480x300	mod	
ADRIANA OJEDA/DORMITÓRIO 2	MODULO_COMUM	Nicho	300x800x200	mod	
ADRIANA OJEDA/DORMITÓRIO 2	MODULO_COMUM	Painel Carvalho Treviso MDF	1303x18x300	comp	
ADRIANA OJEDA/DORMITÓRIO 2	MODULO_COMUM	Painel Carvalho Treviso MDF	2302x18x500	comp	
ADRIANA OJEDA/DORMITÓRIO 2	PAINEL_OCULTO	Painel Carvalho Treviso MDF	290x18x70	comp	
ADRIANA OJEDA/DORMITÓRIO 2	MODULO_COMUM	Painel Carvalho Treviso MDF	2123x18x70	comp	
ADRIANA OJEDA/DORMITÓRIO 2	MODULO_COMUM	Tamponamento	480x18x70	comp	
ADRIANA OJEDA/DORMITÓRIO 2	PAINEL_OCULTO	Tamponamento	685x18x70	comp	
ADRIANA OJEDA/DORMITÓRIO 2	MODULO_COMUM	Bancada 1 Porta	450x830x300	mod	
ADRIANA OJEDA/DORMITÓRIO 2	RODAPE_OCULTO	Painel Carvalho Treviso MDF	830x18x498	comp	
ADRIANA OJEDA/DORMITÓRIO 2	MODULO_COMUM	Tamponamento	480x18x80	comp	
ADRIANA OJEDA/DORMITÓRIO 2	MODULO_COMUM	Tamponamento	830x18x320	comp	
ADRIANA OJEDA/DORMITÓRIO 2	MODULO_COMUM	Tamponamento	830x18x70	comp	
ADRIANA OJEDA/SUÍTE CASAL	MODULO_COMUM	Balcão Inferior 500x350x432mm	500x350x432	mod	
ADRIANA OJEDA/SUÍTE CASAL	MODULO_COMUM	Balcão Inferior 500x350x432mm	500x350x432	mod	
ADRIANA OJEDA/SUÍTE CASAL	MODULO_COMUM	Armário 1 Porta	536x730x470	mod	
ADRIANA OJEDA/SUÍTE CASAL	MODULO_COMUM	Armário 2 Portas	1072x730x470	mod	
ADRIANA OJEDA/SUÍTE CASAL	MODULO_COMUM	Armário 2 Portas	1072x730x470	mod	
ADRIANA OJEDA/SUÍTE CASAL	CANTO_L_ESQ	Armário Canto L Esquerdo	1050x2550x800	mod	OK
ADRIANA OJEDA/SUÍTE CASAL	PAINEL_OCULTO	Painel Branco MDF	2670x18x100	comp	
ADRIANA OJEDA/SUÍTE CASAL	PAINEL_OCULTO	Painel Branco MDP	2606x18x135	comp	
ADRIANA OJEDA/SUÍTE CASAL	MODULO_COMUM	Painel Carvalho Treviso MDF	1800x18x1274	comp	
ADRIANA OJEDA/SUÍTE CASAL	MODULO_COMUM	Painel Carvalho Treviso MDF	1430x18x120	comp	
ADRIANA OJEDA/SUÍTE CASAL	MODULO_COMUM	Painel Carvalho Treviso MDF	1430x18x120	comp	
ADRIANA OJEDA/SUÍTE CASAL	MODULO_COMUM	Painel Carvalho Treviso MDF	700x18x120	comp	
ADRIANA OJEDA/SUÍTE CASAL	MODULO_COMUM	Painel Carvalho Treviso MDF	700x18x120	comp	
ADRIANA OJEDA/SUÍTE CASAL	MODULO_COMUM	Painel Carvalho Treviso MDF	1800x18x1410	comp	
ADRIANA OJEDA/SUÍTE CASAL	MODULO_COMUM	Painel Carvalho Treviso MDF	2606x18x135	comp	
ADRIANA OJEDA/SUÍTE CASAL	MODULO_COMUM	Painel Carvalho Treviso MDF	500x18x454	comp	
ADRIANA OJEDA/SUÍTE CASAL	MODULO_COMUM	Painel Carvalho Treviso MDF	500x18x454	comp	
ADRIANA OJEDA/SUÍTE CASAL	MODULO_COMUM	Painel Carvalho Treviso MDF	2680x18x470	comp	
ADRIANA OJEDA/SUÍTE CASAL	MODULO_COMUM	Painel Carvalho Treviso MDF	2152x18x80	comp	
ADRIANA OJEDA/SUÍTE CASAL	MODULO_COMUM	Painel Carvalho Treviso MDF	449x18x80	comp	
ADRIANA OJEDA/SUÍTE CASAL	MODULO_COMUM	Painel Carvalho Treviso MDF	440x18x80	comp	
ADRIANA OJEDA/SUÍTE CASAL	MODULO_COMUM	Armário c/ Portas de Giro c/ Rodapé	1520x2550x580	mod	
ADRIANA OJEDA/SUÍTE CASAL	MODULO_COMUM	Armário c/ Portas de Giro c/ Rodapé	250x2355x580	mod	
ADRIANA OJEDA/SUÍTE CASAL	PAINEL_OCULTO	Painel Branco MDF	2120x15x450	comp	
ADRIANA OJEDA/SUÍTE CASAL	MODULO_COMUM	Painel Branco MDF	2150x15x170	comp	
ADRIANA OJEDA/SUÍTE CASAL	PAINEL_OCULTO	Painel Branco MDF	2150x15x170	comp	
ADRIANA OJEDA/SUÍTE CASAL	PAINEL_OCULTO	Painel Branco MDF	450x15x170	comp	
ADRIANA OJEDA/SUÍTE CASAL	PAINEL_OCULTO	Painel Branco MDF	450x15x170	comp	
ADRIANA OJEDA/SUÍTE CASAL	PAINEL_OCULTO	Painel Branco MDF	450x15x150	comp	
ADRIANA OJEDA/SUÍTE CASAL	PAINEL_OCULTO	Painel Branco MDF	450x15x150	comp	
ADRIANA OJEDA/SUÍTE CASAL	PAINEL_OCULTO	Painel Branco MDF	450x15x150	comp	
ADRIANA OJEDA/SUÍTE CASAL	PAINEL_OCULTO	Painel Branco MDF	450x15x150	comp	
ADRIANA OJEDA/SUÍTE CASAL	PAINEL_OCULTO	Painel Branco MDF	450x15x150	comp	
ADRIANA OJEDA/SUÍTE CASAL	PAINEL_OCULTO	Painel Branco MDF	450x15x150	comp	
ADRIANA OJEDA/SUÍTE CASAL	PAINEL_OCULTO	Painel Branco MDF	450x15x150	comp	
ADRIANA OJEDA/SUÍTE CASAL	PAINEL_OCULTO	Painel Branco MDF	450x15x150	comp	
ADRIANA OJEDA/SUÍTE CASAL	PAINEL_OCULTO	Painel Branco MDF	450x15x150	comp	
ADRIANA OJEDA/SUÍTE CASAL	MODULO_COMUM	Tamponamento	195x18x210	comp	
ADRIANA OJEDA/SUÍTE CASAL	MODULO_COMUM	Tamponamento	2355x18x70	comp	
ADRIANA OJEDA/SUÍTE CASAL	PAINEL_OCULTO	Painel Branco MDF	2235x15x70	comp	
ADRIANA OJEDA/SUÍTE CASAL	PAINEL_OCULTO	Painel Branco MDF	2235x15x70	comp	
ADRIANA OJEDA/SUÍTE CASAL	PAINEL_OCULTO	Painel Branco MDF	2235x15x70	comp	
ADRIANA OJEDA/SUÍTE CASAL	PAINEL_OCULTO	Painel Branco MDF	2235x15x70	comp	
CLOSET/01	MODULO_COMUM	Balcão Inferior 500x670x530mm	500x670x530	mod	
CLOSET/01	PAINEL_OCULTO	Painel	1632x18x100	comp	
CLOSET/01	MODULO_COMUM	Painel	2152x18x60	comp	
CLOSET/01	MODULO_COMUM	Painel	2170x25x550	comp	
CLOSET/01	MODULO_COMUM	Painel	1300x18x110	comp	
CLOSET/01	PAINEL_OCULTO	Painel	1632x18x150	comp	
CLOSET/01	MODULO_COMUM	Painel	2500x18x90	comp	
CLOSET/01	PAINEL_OCULTO	Painel	750x18x550	comp	
CLOSET/01	MODULO_COMUM	Armário c/ Portas de Giro c/ Rodapé	1290x2380x580	mod	
CLOSET/01	PAINEL_OCULTO	Painel	610x18x60	comp	
CLOSET/01	MODULO_COMUM	Painel	1850x18x60	comp	
CLOSET/01	MODULO_COMUM	Armário c/ Portas de Giro c/ Rodapé	1252x2380x580	mod	
CLOSET/01	MODULO_COMUM	Painel	1518x18x60	comp	
CLOSET/01	MODULO_COMUM	Painel	560x18x60	comp	
CLOSET/01	MODULO_COMUM	Painel	600x18x60	comp	
FELIPE_COZINHA	MODULO_COMUM	Armário 2 Portas	720x1011x200	mod	
FELIPE_COZINHA	MODULO_COMUM	Balcão 2 Portas	747x750x363	mod	
FELIPE_COZINHA	MODULO_COMUM	Tamponamento	720x18x200	comp	
FELIPE_COZINHA	MODULO_COMUM	Tamponamento	750x18x385	comp	
FELIPE_COZINHA	MODULO_COMUM	Tamponamento	1794x18x150	comp	
FELIPE_COZINHA	MODULO_COMUM	Tamponamento	400x18x110	comp	
FELIPE_COZINHA	MODULO_COMUM	Vista	212x18x60	comp	
FELIPE_COZINHA	MODULO_COMUM	Armário Despenseiro  200x1714x470mm	200x1714x470	mod	
FELIPE_COZINHA	MODULO_COMUM	Armário 1 Portas Basculantes	1019x418x450	mod	
FELIPE_COZINHA	MODULO_COMUM	Armário 1 Portas Basculantes	760x400x427	mod	
FELIPE_COZINHA	MODULO_COMUM	Armário 2 Portas	897x480x470	mod	
FELIPE_COZINHA	MODULO_COMUM	Armário 2 Portas	897x480x470	mod	
FELIPE_COZINHA	MODULO_COMUM	Armário 2 Portas	940x480x470	mod	
FELIPE_COZINHA	MODULO_COMUM	Balcão 1 Gaveta	562x250x633	mod	
FELIPE_COZINHA	MODULO_COMUM	Balcão 1 Porta	470x750x633	mod	
FELIPE_COZINHA	MODULO_COMUM	Balcão p/ Forno	700x750x633	mod	
FELIPE_COZINHA	MODULO_COMUM	Painel Chumbo MDF	680x25x250	comp	
FELIPE_COZINHA	MODULO_COMUM	Painel Chumbo MDF	680x25x250	comp	
FELIPE_COZINHA	PAINEL_OCULTO	Tamponamento	1794x18x150	comp	
FELIPE_COZINHA	MODULO_COMUM	Tamponamento	973x18x470	comp	
FELIPE_COZINHA	MODULO_COMUM	Tamponamento	778x18x450	comp	
FELIPE_COZINHA	MODULO_COMUM	Tamponamento	480x18x70	comp	
FELIPE_COZINHA	MODULO_COMUM	Tamponamento	1732x18x70	comp	
FELIPE_COZINHA	PAINEL_OCULTO	Tamponamento	482x18x653	comp	
FELIPE_COZINHA	PAINEL_OCULTO	Tamponamento	268x18x653	comp	
FELIPE_COZINHA	PAINEL_OCULTO	Tamponamento	562x18x653	comp	
FELIPE_COZINHA	MODULO_COMUM	Tamponamento	200x18x470	comp	
FELIPE_COZINHA	MODULO_COMUM	Vista	996x18x189	comp	
FELIPE_COZINHA	MODULO_COMUM	Vista	1794x18x189	comp	
FELIPE_COZINHA	MODULO_COMUM	Balcão Inferior 500x740x300mm	500x740x300	mod	
FELIPE_COZINHA	MODULO_COMUM	Balcão Inferior 766x740x300mm	766x740x300	mod	
FELIPE_COZINHA	MODULO_COMUM	Painel Chumbo MDP	1314x18x890	comp	
FELIPE_COZINHA	MODULO_COMUM	Tamponamento	740x18x70	comp	
FELIPE_COZINHA	MODULO_COMUM	Tamponamento	740x18x70	comp	
GUILHERME CESAR/SALA JANTAR	MODULO_COMUM	Balcão 1 Gaveta	700x300x378	mod	
GUILHERME CESAR/SALA JANTAR	MODULO_COMUM	Balcão 1 Gaveta	700x300x378	mod	
GUILHERME CESAR/SALA JANTAR	MODULO_COMUM	Balcão 1 Gaveta	700x300x378	mod	
GUILHERME CESAR/SALA JANTAR	PAINEL_OCULTO	Tamponamento	320x18x664	comp	
GUILHERME CESAR/SALA JANTAR	PAINEL_OCULTO	Tamponamento	360x18x664	comp	
GUILHERME CESAR/SALA JANTAR	MODULO_COMUM	Tamponamento	744x18x400	comp	
GUILHERME CESAR/SALA JANTAR	PAINEL_OCULTO	Tamponamento	320x18x378	comp	
GUILHERME CESAR/SALA JANTAR	PAINEL_OCULTO	Tamponamento	320x18x378	comp	
GUILHERME CESAR/SALA JANTAR	MODULO_COMUM	Tamponamento	320x18x700	comp	
GUILHERME CESAR/SALA JANTAR	MODULO_COMUM	Tamponamento	300x18x70	comp	
GUILHERME CESAR/SUÍTE CASAL	MODULO_COMUM	Balcão Inferior 664x165x380mm	664x165x380	mod	
GUILHERME CESAR/SUÍTE CASAL	MODULO_COMUM	Balcão Inferior 753x165x380mm	753x165x380	mod	
GUILHERME CESAR/SUÍTE CASAL	MODULO_COMUM	Painel Itapua MDF	1100x18x1749	comp	
GUILHERME CESAR/SUÍTE CASAL	MODULO_COMUM	Painel Itapua MDF	1100x18x800	comp	
GUILHERME CESAR/SUÍTE CASAL	MODULO_COMUM	Painel Itapua MDF	1100x18x800	comp	
GUILHERME CESAR/SUÍTE CASAL	MODULO_COMUM	Tamponamento	790x18x400	comp	
GUILHERME CESAR/SUÍTE CASAL	MODULO_COMUM	Tamponamento	701x18x400	comp	
GUILHERME CESAR/SUÍTE CASAL	PAINEL_OCULTO	Tamponamento	1085x18x70	comp	
GUILHERME CESAR/SUÍTE CASAL	PAINEL_OCULTO	Tamponamento	1085x18x70	comp	
GUILHERME CESAR/SUÍTE CASAL	PAINEL_OCULTO	Tamponamento	925x18x120	comp	
GUILHERME CESAR/SUÍTE CASAL	PAINEL_OCULTO	Tamponamento	1085x18x120	comp	
GUILHERME CESAR/SUÍTE CASAL	MODULO_COMUM	Tamponamento	183x18x400	comp	
GUILHERME CESAR/SUÍTE CASAL	MODULO_COMUM	Tamponamento	183x18x400	comp	
GUILHERME CESAR/SUÍTE CASAL	MODULO_COMUM	Tamponamento	183x18x400	comp	
GUILHERME CESAR/SUÍTE CASAL	MODULO_COMUM	Tamponamento	183x18x400	comp	
GUILHERME CESAR/SUÍTE CASAL	MODULO_COMUM	Armário c/ Portas de Giro c/ Rodapé	390x2286x600	mod	
GUILHERME CESAR/SUÍTE CASAL	MODULO_COMUM	Armário c/ Portas Deslizantes Internas c/ Rodapé c/ Divisória Interna	2660x2286x600	mod	
LETICIA MATEUS	NICHO	Armário Superior 802x405x580mm	802x405x580	mod	
LETICIA MATEUS	RODAPE_OCULTO	Painel Branco MDP	2182x18x560	comp	
LETICIA MATEUS	PAINEL_OCULTO	Painel Branco MDP	802x18x560	comp	
LETICIA MATEUS	MODULO_COMUM	Armário c/ Portas de Giro c/ Rodapé	2902x2605x580	mod	
LETICIA MATEUS	PAINEL_OCULTO	Painel Branco MDP	2700x18x150	comp	
LETICIA MATEUS	PAINEL_OCULTO	Painel Branco MDP	2700x18x150	comp	
LETICIA MATEUS	PAINEL_OCULTO	Painel Branco MDP	2700x18x150	comp	
LETICIA MATEUS	PAINEL_OCULTO	Painel Branco MDP	2700x18x150	comp	
LETICIA MATEUS	PAINEL_OCULTO	Painel Branco MDP	2700x18x150	comp	
LETICIA MATEUS	MODULO_COMUM	Armário c/ Portas de Giro c/ Rodapé	1026x2605x580	mod	
LETICIA MATEUS	CANTO_L_ESQ	Armário Canto L Esquerdo	1000x2605x1000	mod	OK
LETICIA MATEUS	CANTO_L_ESQ	Armário Canto L Esquerdo	1000x2605x1000	mod	OK
LETICIA MATEUS	MODULO_COMUM	Armário c/ Portas de Giro c/ Rodapé	550x2605x580	mod	
LETICIA MATEUS	CANTO_L_ESQ	Armário Canto L Esquerdo	1000x2605x1000	mod	OK
LETICIA MATEUS	MODULO_COMUM	Armário c/ Portas de Giro c/ Rodapé	550x2605x580	mod	
LETICIA MATEUS	RODAPE_OCULTO	Painel Branco MDP	2182x18x560	comp	
LETICIA MATEUS	MODULO_COMUM	Armário c/ Portas de Giro c/ Rodapé	580x2605x580	mod	
PRISCILA CLAUDINO/COZINHA	MODULO_COMUM	Armário Despenseiro  400x2390x580mm	400x2390x580	mod	
PRISCILA CLAUDINO/COZINHA	MODULO_COMUM	Armário Superior 756x586x580mm	756x586x580	mod	
PRISCILA CLAUDINO/COZINHA	MODULO_COMUM	Armário Superior 756x586x580mm	756x586x580	mod	
PRISCILA CLAUDINO/COZINHA	MODULO_COMUM	Armário Superior 756x586x580mm	756x586x580	mod	
PRISCILA CLAUDINO/COZINHA	MODULO_COMUM	Armário Superior 869.9998x490x580mm	870x490x580	mod	
PRISCILA CLAUDINO/COZINHA	MODULO_COMUM	Armário Superior 950x400x430mm	950x400x430	mod	
PRISCILA CLAUDINO/COZINHA	MODULO_COMUM	Balcão Inferior 200x714x595mm	200x714x595	mod	
PRISCILA CLAUDINO/COZINHA	MODULO_COMUM	Balcão Inferior 838.0002x714x570mm	838x714x570	mod	
PRISCILA CLAUDINO/COZINHA	MODULO_COMUM	Balcão 2 Portas	650x714x570	mod	
PRISCILA CLAUDINO/COZINHA	MODULO_COMUM	Armário Adega/Nicho	150x870x600	mod	
PRISCILA CLAUDINO/COZINHA	MODULO_COMUM	Painel Freijo Puro MDF	1286x15x400	comp	
PRISCILA CLAUDINO/COZINHA	MODULO_COMUM	Painel Freijo Puro MDF	2337x18x450	comp	
PRISCILA CLAUDINO/COZINHA	MODULO_COMUM	Painel Freijo Puro MDF	2337x18x450	comp	
PRISCILA CLAUDINO/COZINHA	PAINEL_OCULTO	Tamponamento Inferior	2305x18x70	comp	
PRISCILA CLAUDINO/COZINHA	PAINEL_OCULTO	Painel Branco MDF	100x15x266	comp	
PRISCILA CLAUDINO/COZINHA	MODULO_COMUM	Painel Branco MDF	266x15x150	comp	
PRISCILA CLAUDINO/COZINHA	MODULO_COMUM	Painel Freijo Puro MDF	320x15x120	comp	
PRISCILA CLAUDINO/COZINHA	PAINEL_OCULTO	Painel Freijo Puro MDF	320x15x200	comp	
PRISCILA CLAUDINO/COZINHA	MODULO_COMUM	Painel Freijo Puro MDF	404x18x97	comp	
PRISCILA CLAUDINO/COZINHA	MODULO_COMUM	Painel Freijo Puro MDF	400x18x70	comp	
PRISCILA CLAUDINO/COZINHA	MODULO_COMUM	Painel Freijo Puro MDF	436x18x450	comp	
PRISCILA CLAUDINO/COZINHA	MODULO_COMUM	Painel Freijo Puro MDF	400x18x450	comp	
PRISCILA CLAUDINO/COZINHA	MODULO_COMUM	Painel Nude MDP	2487x18x600	comp	
PRISCILA CLAUDINO/COZINHA	MODULO_COMUM	Painel Nude MDP	2487x18x600	comp	
PRISCILA CLAUDINO/COZINHA	MODULO_COMUM	Painel Nude MDP	2487x18x600	comp	
PRISCILA CLAUDINO/COZINHA	MODULO_COMUM	Painel Nude MDP	700x18x650	comp	
PRISCILA CLAUDINO/COZINHA	MODULO_COMUM	Painel Nude MDP	870x18x97	comp	
PRISCILA CLAUDINO/COZINHA	MODULO_COMUM	Painel Nude MDP	2338x18x97	comp	
PRISCILA CLAUDINO/COZINHA	MODULO_COMUM	Painel Nude MDP	586x18x70	comp	
PRISCILA CLAUDINO/COZINHA	MODULO_COMUM	Tamponamento Inferior	2355x18x220	comp	
PRISCILA CLAUDINO/COZINHA	MODULO_COMUM	Balcão Inferior 1000x714x559mm	1000x714x559	mod	
PRISCILA CLAUDINO/COZINHA	MODULO_COMUM	Balcão Inferior 1300x714x559mm	1300x714x559	mod	
PRISCILA CLAUDINO/COZINHA	MODULO_COMUM	Balcão Inferior 200x714x559mm	200x714x559	mod	
PRISCILA CLAUDINO/COZINHA	MODULO_COMUM	Balcão Inferior 240.499x714x559mm	240,5x714x559	mod	
PRISCILA CLAUDINO/COZINHA	MODULO_COMUM	Balcão Inferior 720x714x559mm	720x714x559	mod	
PRISCILA CLAUDINO/COZINHA	MODULO_COMUM	Balcão Inferior 930x714x559mm	930x714x559	mod	
PRISCILA CLAUDINO/COZINHA	MODULO_COMUM	Painel Branco MDP	1264x18x436	comp	
PRISCILA CLAUDINO/COZINHA	MODULO_COMUM	Painel Freijo Puro MDF	700x25x298	comp	
PRISCILA CLAUDINO/COZINHA	MODULO_COMUM	Painel Freijo Puro MDF	919x25x298	comp	
PRISCILA CLAUDINO/COZINHA	MODULO_COMUM	Painel Freijo Puro MDF	1876x25x298	comp	
PRISCILA CLAUDINO/COZINHA	PAINEL_OCULTO	Painel Branco MDP	677,5x18x120	comp	
PRISCILA CLAUDINO/COZINHA	PAINEL_OCULTO	Painel Nude MDP	714x18x520	comp	
PRISCILA CLAUDINO/COZINHA	MODULO_COMUM	Painel Nude MDP	709x18x715	comp	
PRISCILA CLAUDINO/COZINHA	PAINEL_OCULTO	Painel Nude MDP	714x18x120	comp	
PRISCILA CLAUDINO/COZINHA	MODULO_COMUM	Tamponamento Inferior	714x18x579	comp	
PRISCILA CLAUDINO/COZINHA	MODULO_COMUM	Tamponamento Inferior	714x18x579	comp	
PRISCILA CLAUDINO/COZINHA	MODULO_COMUM	Tamponamento Inferior	714x18x579	comp	
PRISCILA CLAUDINO/COZINHA	PAINEL_OCULTO	Painel Freijo Puro MDF	708x15x70	comp	
PRISCILA CLAUDINO/COZINHA	PAINEL_OCULTO	Painel Freijo Puro MDF	708x15x70	comp	
PRISCILA CLAUDINO/COZINHA	MODULO_COMUM	Painel Freijo Puro MDF	708x15x70	comp	
PRISCILA CLAUDINO/COZINHA	PAINEL_OCULTO	Painel Freijo Puro MDF	297x15x70	comp	
PRISCILA CLAUDINO/COZINHA	PAINEL_OCULTO	Painel Freijo Puro MDF	297x15x70	comp	
PRISCILA CLAUDINO/COZINHA	PAINEL_OCULTO	Painel Freijo Puro MDF	297x15x70	comp	
PRISCILA CLAUDINO/COZINHA	PAINEL_OCULTO	Painel Freijo Puro MDF	297x15x70	comp	
PRISCILA CLAUDINO/COZINHA	PAINEL_OCULTO	Painel Freijo Puro MDF	297x15x70	comp	
PRISCILA CLAUDINO/COZINHA	MODULO_COMUM	Painel Freijo Puro MDF	462x15x70	comp	
PRISCILA CLAUDINO/COZINHA	PAINEL_OCULTO	Painel Freijo Puro MDF	462x15x70	comp	
PRISCILA CLAUDINO/COZINHA	PAINEL_OCULTO	Painel Freijo Puro MDF	1320x6x380	comp	
PRISCILA CLAUDINO/COZINHA	PAINEL_OCULTO	Tamponamento Inferior	350x15x90	comp	
PRISCILA CLAUDINO/COZINHA	PAINEL_OCULTO	Tamponamento Inferior	350x15x90	comp	
PRISCILA CLAUDINO/COZINHA	PAINEL_OCULTO	Tamponamento Inferior	350x15x90	comp	
PRISCILA CLAUDINO/COZINHA	PAINEL_OCULTO	Tamponamento Inferior	350x15x90	comp	
PRISCILA CLAUDINO/COZINHA	PAINEL_OCULTO	Tamponamento Inferior	350x15x90	comp	
PRISCILA CLAUDINO/COZINHA	PAINEL_OCULTO	Tamponamento Inferior	350x15x90	comp	
PRISCILA CLAUDINO/COZINHA	MODULO_COMUM	Painel Freijo Puro MDF	1530x15x625	comp	
PRISCILA CLAUDINO/COZINHA	PAINEL_OCULTO	Painel Freijo Puro MDF	1580x25x120	comp	
PRISCILA CLAUDINO/COZINHA	PAINEL_OCULTO	Painel Freijo Puro MDF	1907x15x625	comp	
PRISCILA CLAUDINO/COZINHA	PAINEL_OCULTO	Painel Freijo Puro MDF	1580x25x120	comp	
PRISCILA CLAUDINO/COZINHA	MODULO_COMUM	Painel Freijo Puro MDF	605x25x100	comp	
PRISCILA CLAUDINO/COZINHA	PAINEL_OCULTO	Tamponamento Inferior	1320x15x90	comp	
PRISCILA CLAUDINO/COZINHA	PAINEL_OCULTO	Tamponamento Inferior	1320x15x90	comp	
PRISCILA CLAUDINO/DORMIT´ÓRIO	MODULO_COMUM	Balcão Inferior 490x250x280mm	490x250x280	mod	
PRISCILA CLAUDINO/DORMIT´ÓRIO	PAINEL_OCULTO	Painel Branco MDF	70x25x889	comp	
PRISCILA CLAUDINO/DORMIT´ÓRIO	PAINEL_OCULTO	Painel Branco MDF	70x25x889	comp	
PRISCILA CLAUDINO/DORMIT´ÓRIO	MODULO_COMUM	Painel Freijo Puro MDF	491x18x300	comp	
PRISCILA CLAUDINO/DORMIT´ÓRIO	MODULO_COMUM	Painel Freijo Puro MDF	1090x15x1540	comp	
PRISCILA CLAUDINO/DORMIT´ÓRIO	PAINEL_OCULTO	Painel Freijo Puro MDF	70x25x1492	comp	
PRISCILA CLAUDINO/DORMIT´ÓRIO	MODULO_COMUM	Armário c/ Portas de Giro c/ Rodapé	1234x2540x560	mod	
PRISCILA CLAUDINO/DORMIT´ÓRIO	MODULO_COMUM	Tamponamento Inferior	1234x18x80	comp	
PRISCILA CLAUDINO/DORMIT´ÓRIO	MODULO_COMUM	Tamponamento Inferior	1234x18x100	comp	
PRISCILA CLAUDINO/DORMIT´ÓRIO	MODULO_COMUM	Tamponamento Inferior	2643x18x70	comp	
PRISCILA CLAUDINO/DORMIT´ÓRIO	MODULO_COMUM	Tamponamento Inferior	2643x18x70	comp	
PRISCILA CLAUDINO/DORMIT´ÓRIO	MODULO_COMUM	Tamponamento Inferior	2643x18x100	comp	
PRISCILA CLAUDINO/DORMIT´ÓRIO	MODULO_COMUM	Tamponamento Inferior	2643x18x390	comp	
PRISCILA CLAUDINO/DORMIT´ÓRIO	MODULO_COMUM	Balcão Inferior 920x165x380mm	920x165x380	mod	
PRISCILA CLAUDINO/DORMIT´ÓRIO	PAINEL_OCULTO	Painel Branco MDP	264x15x70	comp	
PRISCILA CLAUDINO/DORMIT´ÓRIO	PAINEL_OCULTO	Painel Freijo Puro MDF	780x18x245	comp	
PRISCILA CLAUDINO/DORMIT´ÓRIO	PAINEL_OCULTO	Painel Freijo Puro MDF	232x15x70	comp	
PRISCILA CLAUDINO/DORMIT´ÓRIO	PAINEL_OCULTO	Painel Freijo Puro MDF	232x15x70	comp	
PRISCILA CLAUDINO/DORMIT´ÓRIO	PAINEL_OCULTO	Painel Freijo Puro MDF	232x15x70	comp	
PRISCILA CLAUDINO/DORMIT´ÓRIO	PAINEL_OCULTO	Painel Freijo Puro MDF	232x15x70	comp	
PRISCILA CLAUDINO/DORMIT´ÓRIO	PAINEL_OCULTO	Painel Branco MDP	934x15x70	comp	
PRISCILA CLAUDINO/DORMIT´ÓRIO	PAINEL_OCULTO	Painel Branco MDP	934x15x70	comp	
PRISCILA CLAUDINO/DORMIT´ÓRIO	PAINEL_OCULTO	Painel Branco MDP	934x18x207	comp	
PRISCILA CLAUDINO/DORMIT´ÓRIO	PAINEL_OCULTO	Painel Freijo Puro MDF	226x18x70	comp	
PRISCILA CLAUDINO/DORMIT´ÓRIO	PAINEL_OCULTO	Painel Freijo Puro MDF	762x18x70	comp	
PRISCILA CLAUDINO/DORMIT´ÓRIO	PAINEL_OCULTO	Painel Freijo Puro MDF	780x18x225	comp	
PRISCILA CLAUDINO/SALA	MODULO_COMUM	Balcão Inferior 1000x300x350mm	1000x300x350	mod	
PRISCILA CLAUDINO/SALA	MODULO_COMUM	Balcão Inferior 1000x300x350mm	1000x300x350	mod	
PRISCILA CLAUDINO/SALA	RODAPE_OCULTO	Painel Branco MDF	70x25x200	comp	
PRISCILA CLAUDINO/SALA	RODAPE_OCULTO	Painel Freijo Puro MDF	70x25x200	comp	
PRISCILA CLAUDINO/SALA	MODULO_COMUM	Painel Freijo Puro MDF	2110x18x70	comp	
PRISCILA CLAUDINO/SALA	MODULO_COMUM	Painel Freijo Puro MDF	2110x18x70	comp	
PRISCILA CLAUDINO/SALA	MODULO_COMUM	Painel Freijo Puro MDF	2110x18x70	comp	
PRISCILA CLAUDINO/SALA	MODULO_COMUM	Painel Freijo Puro MDF	2110x18x70	comp	
PRISCILA CLAUDINO/SALA	PAINEL_OCULTO	Painel Freijo Puro MDF	2110x25x352	comp	
PRISCILA CLAUDINO/SALA	MODULO_COMUM	Painel Freijo Puro MDF	200x18x70	comp	
PRISCILA CLAUDINO/SALA	MODULO_COMUM	Painel Freijo Puro MDF	200x18x70	comp	
PRISCILA CLAUDINO/SALA	MODULO_COMUM	Painel Freijo Puro MDF	200x18x70	comp	
PRISCILA CLAUDINO/SALA	MODULO_COMUM	Painel Freijo Puro MDF	200x18x70	comp	
PRISCILA CLAUDINO/SALA	RODAPE_OCULTO	Painel Freijo Puro MDF	200x25x352	comp	
PRISCILA CLAUDINO/SALA	MODULO_COMUM	Painel Freijo Puro MDF	200x18x1650	comp	
PRISCILA CLAUDINO/SALA	MODULO_COMUM	Painel Freijo Puro MDF	2110x18x1650	comp	
PRISCILA CLAUDINO/SALA	MODULO_COMUM	Painel Nude MDF	2002x18x350	comp	
PRISCILA CLAUDINO/SUÍTE CASAL	MODULO_COMUM	Balcão Inferior 1560x675x390mm	1560x675x390	mod	
PRISCILA CLAUDINO/SUÍTE CASAL	PAINEL_OCULTO	Painel Nude MDP	1660x18x70	comp	
PRISCILA CLAUDINO/SUÍTE CASAL	PAINEL_OCULTO	Painel Nude MDP	1660x18x432	comp	
PRISCILA CLAUDINO/SUÍTE CASAL	PAINEL_OCULTO	Tamponamento Inferior	2645x18x100	comp	
PRISCILA CLAUDINO/SUÍTE CASAL	RODAPE_OCULTO	Tamponamento Inferior	1550x18x80	comp	
PRISCILA CLAUDINO/SUÍTE CASAL	PAINEL_OCULTO	Painel Branco MDP	784x18x480	comp	
PRISCILA CLAUDINO/SUÍTE CASAL	PAINEL_OCULTO	Painel Branco MDP	790x15x99	comp	
PRISCILA CLAUDINO/SUÍTE CASAL	PAINEL_OCULTO	Painel Branco MDP	784x18x70	comp	
PRISCILA CLAUDINO/SUÍTE CASAL	PAINEL_OCULTO	Painel Branco MDP	784x18x70	comp	
PRISCILA CLAUDINO/SUÍTE CASAL	PAINEL_OCULTO	Painel Branco MDP	135x18x480	comp	
PRISCILA CLAUDINO/SUÍTE CASAL	PAINEL_OCULTO	Painel Freijo Puro MDF	287x15x70	comp	
PRISCILA CLAUDINO/SUÍTE CASAL	PAINEL_OCULTO	Painel Freijo Puro MDF	287x15x70	comp	
PRISCILA CLAUDINO/SUÍTE CASAL	PAINEL_OCULTO	Painel Freijo Puro MDF	287x15x70	comp	
PRISCILA CLAUDINO/SUÍTE CASAL	PAINEL_OCULTO	Painel Freijo Puro MDF	287x15x70	comp	
PRISCILA CLAUDINO/SUÍTE CASAL	PAINEL_OCULTO	Painel Freijo Puro MDF	333x15x70	comp	
PRISCILA CLAUDINO/SUÍTE CASAL	PAINEL_OCULTO	Painel Freijo Puro MDF	333x15x70	comp	
PRISCILA CLAUDINO/SUÍTE CASAL	PAINEL_OCULTO	Painel Freijo Puro MDF	333x15x70	comp	
PRISCILA CLAUDINO/SUÍTE CASAL	PAINEL_OCULTO	Painel Freijo Puro MDF	363x15x70	comp	
PRISCILA CLAUDINO/SUÍTE CASAL	PAINEL_OCULTO	Painel Freijo Puro MDF	363x15x70	comp	
PRISCILA CLAUDINO/SUÍTE CASAL	PAINEL_OCULTO	Painel Freijo Puro MDF	136x15x70	comp	
PRISCILA CLAUDINO/SUÍTE CASAL	PAINEL_OCULTO	Painel Nude MDP	135x18x70	comp	
PRISCILA CLAUDINO/SUÍTE CASAL	PAINEL_OCULTO	Painel Nude MDP	670x18x540	comp	
PRISCILA CLAUDINO/SUÍTE CASAL	PAINEL_OCULTO	Painel Nude MDP	1276x18x70	comp	
PRISCILA CLAUDINO/SUÍTE CASAL	PAINEL_OCULTO	Painel Nude MDP	862x18x500	comp	
PRISCILA CLAUDINO/SUÍTE CASAL	PAINEL_OCULTO	Tamponamento Inferior	2645x18x100	comp	
PRISCILA CLAUDINO/SUÍTE CASAL	RODAPE_OCULTO	Tamponamento Inferior	1660x18x80	comp	
PRISCILA CLAUDINO/SUÍTE CASAL	MODULO_COMUM	Tamponamento Inferior	755x18x100	comp	
PRISCILA CLAUDINO/SUÍTE CASAL	RODAPE_OCULTO	Tamponamento Inferior	341x18x80	comp	
PRISCILA CLAUDINO/SUÍTE CASAL	RODAPE_OCULTO	Tamponamento Inferior	341x18x80	comp	
PRISCILA CLAUDINO/SUÍTE CASAL	RODAPE_OCULTO	Tamponamento Inferior	341x18x80	comp	
PRISCILA CLAUDINO/SUÍTE CASAL	RODAPE_OCULTO	Tamponamento Inferior	1550x18x80	comp	
PRISCILA CLAUDINO/SUÍTE CASAL	PAINEL_OCULTO	Painel Branco MDP	465x18x99	comp	
PRISCILA CLAUDINO/SUÍTE CASAL	PAINEL_OCULTO	Painel Branco MDP	135x18x480	comp	
PRISCILA CLAUDINO/SUÍTE CASAL	PAINEL_OCULTO	Painel Freijo Puro MDF	2444x25x150	comp	
PRISCILA CLAUDINO/SUÍTE CASAL	PAINEL_OCULTO	Painel Freijo Puro MDF	2444x25x150	comp	
PRISCILA CLAUDINO/SUÍTE CASAL	PAINEL_OCULTO	Painel Freijo Puro MDF	2444x25x150	comp	
PRISCILA CLAUDINO/SUÍTE CASAL	PAINEL_OCULTO	Painel Freijo Puro MDF	2645x25x150	comp	
PRISCILA CLAUDINO/SUÍTE CASAL	PAINEL_OCULTO	Tamponamento Inferior	2645x15x70	comp	
PRISCILA CLAUDINO/SUÍTE CASAL	PAINEL_OCULTO	Tamponamento Inferior	2480x25x120	comp	
PRISCILA CLAUDINO/SUÍTE CASAL	PAINEL_OCULTO	Tamponamento Inferior	135x18x500	comp	
PRISCILA CLAUDINO/SUÍTE CASAL	MODULO_COMUM	Balcão 1 Gaveta	700x250x350	mod	
PRISCILA CLAUDINO/SUÍTE CASAL	MODULO_COMUM	Balcão 1 Gaveta	700x250x350	mod	
PRISCILA CLAUDINO/SUÍTE CASAL	PAINEL_OCULTO	Painel Branco MDF	810x25x80	comp	
PRISCILA CLAUDINO/SUÍTE CASAL	PAINEL_OCULTO	Painel Branco MDF	810x25x80	comp	
PRISCILA CLAUDINO/SUÍTE CASAL	PAINEL_OCULTO	Painel Branco MDF	810x25x80	comp	
PRISCILA CLAUDINO/SUÍTE CASAL	PAINEL_OCULTO	Painel Branco MDF	810x25x100	comp	
PRISCILA CLAUDINO/SUÍTE CASAL	PAINEL_OCULTO	Painel Branco MDF	810x25x100	comp	
PRISCILA CLAUDINO/SUÍTE CASAL	PAINEL_OCULTO	Painel Branco MDF	1629x25x80	comp	
PRISCILA CLAUDINO/SUÍTE CASAL	PAINEL_OCULTO	Painel Branco MDF	1629x25x80	comp	
PRISCILA CLAUDINO/SUÍTE CASAL	PAINEL_OCULTO	Painel Freijo Puro MDF	1010x15x840	comp	
PRISCILA CLAUDINO/SUÍTE CASAL	MODULO_COMUM	Painel Freijo Puro MDF	1010x15x840	comp	
PRISCILA CLAUDINO/SUÍTE CASAL	PAINEL_OCULTO	Painel Freijo Puro MDF	1010x15x1650	comp	
PRISCILA CLAUDINO/SUÍTE CASAL	MODULO_COMUM	Tamponamento Inferior	700x18x370	comp	
PRISCILA CLAUDINO/SUÍTE CASAL	PAINEL_OCULTO	Tamponamento Inferior	702x18x370	comp	
PRISCILA CLAUDINO/SUÍTE CASAL	MODULO_COMUM	Armário c/ Portas de Giro c/ Rodapé	2424x2540x560	mod	
PRISCILA CLAUDINO/SUÍTE CASAL	MODULO_COMUM	Tamponamento Inferior	2428x18x80	comp	
PRISCILA CLAUDINO/SUÍTE CASAL	MODULO_COMUM	Tamponamento Inferior	2645x18x70	comp	
PRISCILA CLAUDINO/SUÍTE CASAL	MODULO_COMUM	Tamponamento Inferior	2645x18x70	comp	
PRISCILA CLAUDINO/SUÍTE CASAL	MODULO_COMUM	Tamponamento Inferior	2645x18x100	comp	
PRISCILA CLAUDINO/SUÍTE CASAL	MODULO_COMUM	Tamponamento Inferior	2645x18x100	comp	
PRISCILA CLAUDINO/SUÍTE CASAL	MODULO_COMUM	Tamponamento Inferior	2424x18x100	comp	
PRISCILA CLAUDINO/SUÍTE CASAL	MODULO_COMUM	Armário c/ Portas de Giro c/ Rodapé	2820x2540x550	mod	
PRISCILA CLAUDINO/SUÍTE CASAL	MODULO_COMUM	Armário c/ Portas de Giro c/ Rodapé	400x2540x550	mod	
PRISCILA CLAUDINO/SUÍTE CASAL	PAINEL_OCULTO	Painel Nude MDP	868x18x396	comp	
PRISCILA CLAUDINO/SUÍTE CASAL	PAINEL_OCULTO	Tamponamento Inferior	1217x18x80	comp	
PRISCILA CLAUDINO/SUÍTE CASAL	PAINEL_OCULTO	Tamponamento Inferior	1603x18x80	comp	
PRISCILA CLAUDINO/SUÍTE CASAL	PAINEL_OCULTO	Tamponamento Inferior	2645x18x595	comp	
PRISCILA CLAUDINO/SUÍTE CASAL	PAINEL_OCULTO	Tamponamento Inferior	1605x18x100	comp	
PRISCILA CLAUDINO/SUÍTE CASAL	MODULO_COMUM	Tamponamento Inferior	1615x18x100	comp	
PRISCILA CLAUDINO/SUÍTE CASAL	PAINEL_OCULTO	Painel Freijo Puro MDF	997x25x150	comp	
PRISCILA CLAUDINO/SUÍTE CASAL	PAINEL_OCULTO	Painel Freijo Puro MDF	641x25x150	comp	
PRISCILA CLAUDINO/SUÍTE CASAL	PAINEL_OCULTO	Painel Freijo Puro MDF	997x25x150	comp	
PRISCILA CLAUDINO/SUÍTE CASAL	PAINEL_OCULTO	Painel Freijo Puro MDF	641x25x150	comp	
PRISCILA CLAUDINO/SUÍTE CASAL	PAINEL_OCULTO	Painel Freijo Puro MDF	997x25x150	comp	
PRISCILA CLAUDINO/SUÍTE CASAL	PAINEL_OCULTO	Painel Freijo Puro MDF	641x25x150	comp	
PRISCILA CLAUDINO/SUÍTE CASAL	PAINEL_OCULTO	Painel Freijo Puro MDF	997x25x150	comp	
PRISCILA CLAUDINO/SUÍTE CASAL	PAINEL_OCULTO	Painel Freijo Puro MDF	641x25x150	comp	
PRISCILA CLAUDINO/SUÍTE CASAL	PAINEL_OCULTO	Painel Freijo Puro MDF	997x25x150	comp	
PRISCILA CLAUDINO/SUÍTE CASAL	PAINEL_OCULTO	Painel Freijo Puro MDF	641x25x150	comp	
PRISCILA CLAUDINO/SUÍTE CASAL	PAINEL_OCULTO	Painel Freijo Puro MDF	997x25x150	comp	
PRISCILA CLAUDINO/SUÍTE CASAL	PAINEL_OCULTO	Painel Freijo Puro MDF	641x25x150	comp	
PRISCILA CLAUDINO/SUÍTE CASAL	PAINEL_OCULTO	Painel Freijo Puro MDF	997x25x150	comp	
PRISCILA CLAUDINO/SUÍTE CASAL	PAINEL_OCULTO	Painel Freijo Puro MDF	641x25x150	comp	
PRISCILA CLAUDINO/SUÍTE CASAL	PAINEL_OCULTO	Painel Freijo Puro MDF	997x25x150	comp	
PRISCILA CLAUDINO/SUÍTE CASAL	PAINEL_OCULTO	Painel Freijo Puro MDF	641x25x150	comp	
PRISCILA CLAUDINO/SUÍTE CASAL	PAINEL_OCULTO	Painel Freijo Puro MDF	997x25x150	comp	
PRISCILA CLAUDINO/SUÍTE CASAL	PAINEL_OCULTO	Painel Freijo Puro MDF	641x25x150	comp	
PRISCILA CLAUDINO/SUÍTE CASAL	PAINEL_OCULTO	Painel Freijo Puro MDF	997x25x150	comp	
PRISCILA CLAUDINO/SUÍTE CASAL	PAINEL_OCULTO	Painel Freijo Puro MDF	641x25x150	comp	
PRISCILA CLAUDINO/SUÍTE CASAL	PAINEL_OCULTO	Painel Freijo Puro MDF	997x25x150	comp	
PRISCILA CLAUDINO/SUÍTE CASAL	PAINEL_OCULTO	Painel Freijo Puro MDF	641x25x150	comp	
PRISCILA CLAUDINO/SUÍTE CASAL	PAINEL_OCULTO	Painel Freijo Puro MDF	997x25x150	comp	
PRISCILA CLAUDINO/SUÍTE CASAL	PAINEL_OCULTO	Painel Freijo Puro MDF	641x25x150	comp	
PRISCILA CLAUDINO/SUÍTE CASAL	PAINEL_OCULTO	Painel Freijo Puro MDF	997x25x150	comp	
PRISCILA CLAUDINO/SUÍTE CASAL	PAINEL_OCULTO	Painel Freijo Puro MDF	641x25x150	comp	
PRISCILA CLAUDINO/SUÍTE CASAL	PAINEL_OCULTO	Painel Freijo Puro MDF	734x18x150	comp	
PRISCILA CLAUDINO/SUÍTE CASAL	PAINEL_OCULTO	Painel Freijo Puro MDF	997x25x150	comp	
PRISCILA CLAUDINO/SUÍTE CASAL	PAINEL_OCULTO	Painel Freijo Puro MDF	641x25x150	comp	
PRISCILA CLAUDINO/SUÍTE CASAL	PAINEL_OCULTO	Painel Freijo Puro MDF	734x18x150	comp	
PRISCILA CLAUDINO/SUÍTE CASAL	MODULO_COMUM	Painel Freijo Puro MDF	1260x18x150	comp	
PRISCILA CLAUDINO/SUÍTE CASAL	MODULO_COMUM	Painel Freijo Puro MDF	1260x18x150	comp	
PRISCILA CLAUDINO/SUÍTE CASAL	MODULO_COMUM	Painel Freijo Puro MDF	1260x18x150	comp	
PRISCILA CLAUDINO/SUÍTE CASAL	MODULO_COMUM	Painel Freijo Puro MDF	1260x18x150	comp	
PRISCILA CLAUDINO/SUÍTE CASAL	PAINEL_OCULTO	Painel Freijo Puro MDF	1995x15x150	comp	
PRISCILA CLAUDINO/SUÍTE CASAL	MODULO_COMUM	Painel Freijo Puro MDF	1995x15x150	comp	
PRISCILA CLAUDINO/SUÍTE CASAL	MODULO_COMUM	Painel Freijo Puro MDF	734x15x1224	comp	
PRISCILA CLAUDINO/SUÍTE CASAL	PAINEL_OCULTO	Tamponamento Inferior	659x18x70	comp	
PRISCILA CLAUDINO/SUÍTE CASAL	PAINEL_OCULTO	Tamponamento Inferior	1977x18x70	comp	
PRISCILA CLAUDINO/SUÍTE CASAL	PAINEL_OCULTO	Tamponamento Inferior	1995x18x100	comp	
PRISCILA CLAUDINO/SUÍTE CASAL	PAINEL_OCULTO	Painel Freijo Puro MDF	295x15x150	comp	
PRISCILA CLAUDINO/SUÍTE CASAL	PAINEL_OCULTO	Painel Freijo Puro MDF	295x15x150	comp	
PRISCILA CLAUDINO/SUÍTE CASAL	PAINEL_OCULTO	Tamponamento Inferior	427x18x100	comp	
PRISCILA CLAUDINO/SUÍTE CASAL	PAINEL_OCULTO	Tamponamento Inferior	445x18x70	comp	
PRISCILA CLAUDINO/SUÍTE CASAL	PAINEL_OCULTO	Painel Freijo Puro MDF	2444x25x150	comp	
PRISCILA CLAUDINO/SUÍTE CASAL	PAINEL_OCULTO	Painel Freijo Puro MDF	2444x25x150	comp	
PRISCILA CLAUDINO/SUÍTE CASAL	PAINEL_OCULTO	Painel Freijo Puro MDF	2444x25x150	comp	
PRISCILA CLAUDINO/SUÍTE CASAL	PAINEL_OCULTO	Tamponamento Inferior	427x18x100	comp	
PRISCILA CLAUDINO/SUÍTE CASAL	PAINEL_OCULTO	Tamponamento Inferior	295x18x70	comp	
PRISCILA CLAUDINO/SUÍTE CASAL	PAINEL_OCULTO	Tamponamento Inferior	2645x15x70	comp	
PRISCILA CLAUDINO/SUÍTE CASAL	PAINEL_OCULTO	Painel Freijo Puro MDF	2444x25x150	comp	
PRISCILA CLAUDINO/SUÍTE CASAL	PAINEL_OCULTO	Painel Freijo Puro MDF	2444x25x150	comp	
PRISCILA CLAUDINO/SUÍTE CASAL	PAINEL_OCULTO	Painel Freijo Puro MDF	2444x25x150	comp	
PRISCILA CLAUDINO/SUÍTE CASAL	PAINEL_OCULTO	Painel Freijo Puro MDF	2645x25x150	comp	
PRISCILA CLAUDINO/SUÍTE CASAL	PAINEL_OCULTO	Tamponamento Inferior	1977x18x70	comp	
PRISCILA CLAUDINO/SUÍTE CASAL	MODULO_COMUM	Tamponamento Inferior	641x18x70	comp	
PRISCILA CLAUDINO/SUÍTE CASAL	MODULO_COMUM	Tamponamento Inferior	1845x18x100	comp	
RAFAEL CLARET/AREA_SERVICO	MODULO_COMUM	Armário 1 Porta	320x2210x640	mod	
RAFAEL CLARET/AREA_SERVICO	MODULO_COMUM	Armário 2 Portas	700x540x350	mod	
RAFAEL CLARET/AREA_SERVICO	MODULO_COMUM	Painel Pecan MDF	690x25x250	comp	
RAFAEL CLARET/AREA_SERVICO	MODULO_COMUM	Tamponamento	2210x18x70	comp	
RAFAEL CLARET/AREA_SERVICO	PAINEL_OCULTO	Vista	332x18x70	comp	
RAFAEL CLARET/AREA_SERVICO	PAINEL_OCULTO	Vista	422x18x70	comp	
RAFAEL CLARET/AREA_SERVICO	MODULO_COMUM	Vista	342x18x70	comp	
RAFAEL CLARET/AREA_SERVICO	MODULO_COMUM	Vista	700x18x70	comp	
RAFAEL CLARET/AREA_SERVICO	MODULO_COMUM	Balcão 2 Portas	625x738x529	mod	
RAFAEL CLARET/AREA_SERVICO	MODULO_COMUM	Tamponamento	738x18x70	comp	
RAFAEL CLARET/COZINHA2	MODULO_COMUM	Armário 1 Porta	500x2210x400	mod	
RAFAEL CLARET/COZINHA2	NICHO	Painel Freijo Puro MDF	909x18x423	comp	
RAFAEL CLARET/COZINHA2	NICHO	Painel Freijo Puro MDF	891x18x789	comp	
RAFAEL CLARET/COZINHA2	NICHO	Tamponamento	909x18x423	comp	
RAFAEL CLARET/COZINHA2	MODULO_COMUM	Tamponamento	2210x18x70	comp	
RAFAEL CLARET/COZINHA2	NICHO	Tamponamento	789x18x423	comp	
RAFAEL CLARET/COZINHA2	MODULO_COMUM	Vista	1064x18x60	comp	
RAFAEL CLARET/COZINHA2	MODULO_COMUM	Armário 1 Portas Basculantes	755x460x350	mod	
RAFAEL CLARET/COZINHA2	MODULO_COMUM	Armário 2 Portas	750x660x350	mod	
RAFAEL CLARET/COZINHA2	MODULO_COMUM	Armário 2 Portas	850x660x350	mod	
RAFAEL CLARET/COZINHA2	MODULO_COMUM	Balcão 1 Porta	300x720x536	mod	
RAFAEL CLARET/COZINHA2	MODULO_COMUM	Balcão 4 Gavetas	490x720x536	mod	
RAFAEL CLARET/COZINHA2	MODULO_COMUM	Balcão p/ Forno	780x720x536	mod	
RAFAEL CLARET/COZINHA2	CANTO_RETO	Balcão Canto Reto Esquerdo	1142,5x720x606	mod	OK
RAFAEL CLARET/COZINHA2	NICHO	Painel Freijo Puro MDF	250x18x568	comp	
RAFAEL CLARET/COZINHA2	NICHO	Painel Freijo Puro MDF	1000x18x178	comp	
RAFAEL CLARET/COZINHA2	NICHO	Painel Freijo Puro MDF	719x18x450	comp	
RAFAEL CLARET/COZINHA2	NICHO	Painel Freijo Puro MDF	719x18x370	comp	
RAFAEL CLARET/COZINHA2	NICHO	Painel Freijo Puro MDF	250x18x132	comp	
RAFAEL CLARET/COZINHA2	NICHO	Painel Freijo Puro MDF	250x18x132	comp	
RAFAEL CLARET/COZINHA2	NICHO	Painel Freijo Puro MDF	250x18x150	comp	
RAFAEL CLARET/COZINHA2	NICHO	Painel Freijo Puro MDF	1000x18x150	comp	
RAFAEL CLARET/COZINHA2	NICHO	Painel Freijo Puro MDF	1000x18x150	comp	
RAFAEL CLARET/COZINHA2	NICHO	Painel Freijo Puro MDF	400x18x370	comp	
RAFAEL CLARET/COZINHA2	NICHO	Painel Freijo Puro MDF	400x18x370	comp	
RAFAEL CLARET/COZINHA2	NICHO	Painel Freijo Puro MDF	586x18x150	comp	
RAFAEL CLARET/COZINHA2	NICHO	Painel Freijo Puro MDF	800x18x150	comp	
RAFAEL CLARET/COZINHA2	NICHO	Painel Freijo Puro MDF	214x18x150	comp	
RAFAEL CLARET/COZINHA2	MODULO_COMUM	Vista	2355x18x60	comp	
RAFAEL CLARET/COZINHA2	MODULO_COMUM	Armário 2 Portas	942x660x400	mod	
RAFAEL CLARET/COZINHA2	MODULO_COMUM	Armário 2 Portas	942x660x400	mod	
RAFAEL CLARET/COZINHA2	MODULO_COMUM	Armário 2 Portas	970x500x400	mod	
RAFAEL CLARET/COZINHA2	CANTO_L_ESQ	Armário Canto L Esquerdo	855x660x909	mod	OK
RAFAEL CLARET/COZINHA2	MODULO_COMUM	Balcão 2 Portas	942x725x400	mod	
RAFAEL CLARET/COZINHA2	MODULO_COMUM	Balcão 2 Portas	942x725x400	mod	
RAFAEL CLARET/COZINHA2	CANTO_L_ESQ	Balcão Canto L Esquerdo	855x725x909	mod	OK
RAFAEL CLARET/COZINHA2	MODULO_COMUM	Painel Freijo Puro MDF	2319x18x423	comp	
RAFAEL CLARET/COZINHA2	PAINEL_OCULTO	Painel Freijo Puro MDF	405x18x789	comp	
RAFAEL CLARET/COZINHA2	MODULO_COMUM	Painel Freijo Puro MDF	2301x18x789	comp	
RAFAEL CLARET/COZINHA2	MODULO_COMUM	Tamponamento	2319x18x423	comp	
RAFAEL CLARET/COZINHA2	MODULO_COMUM	Vista	1600x18x60	comp	
RAFAEL CLARET/COZINHA2	PAINEL_OCULTO	Tamponamento	382x18x70	comp	
RAFAEL CLARET/COZINHA2	MODULO_COMUM	Tamponamento	500x18x70	comp	
RAFAEL CLARET/COZINHA2	MODULO_COMUM	Tamponamento	789x18x423	comp	
RAFAEL CLARET/COZINHA2	MODULO_COMUM	Vista	2357x18x60	comp	
RAFAEL CLARET/COZINHA2	MODULO_COMUM	Balcão 1 Porta	540x720x613	mod	
RAFAEL CLARET/ESCRITORIO	MODULO_COMUM	Armário c/ Portas de Giro c/ Rodapé	556x2350x320	mod	
RAFAEL CLARET/ESCRITORIO	MODULO_COMUM	Armário c/ Portas de Giro c/ Rodapé	2210x2350x550	mod	
RAFAEL CLARET/ESCRITORIO	MODULO_COMUM	Tamponamento	2260x18x80	comp	
RAFAEL CLARET/ESCRITORIO	MODULO_COMUM	Tamponamento	638x18x70	comp	
RAFAEL CLARET/ESCRITORIO	MODULO_COMUM	Tamponamento	2350x18x70	comp	
RAFAEL CLARET/ESCRITORIO	MODULO_COMUM	Tamponamento	2350x18x70	comp	
RAFAEL CLARET/ESCRITORIO	PAINEL_OCULTO	Tamponamento	572x18x70	comp	
RAFAEL CLARET/ESCRITORIO	MODULO_COMUM	Tamponamento	2260x18x70	comp	
RAFAEL CLARET/SALA_VARANDA	MODULO_COMUM	Balcão Inferior 1570x430x350mm	1570x430x350	mod	
RAFAEL CLARET/SALA_VARANDA	MODULO_COMUM	Painel Freijo Puro MDF	1570x18x132	comp	
RAFAEL CLARET/SALA_VARANDA	MODULO_COMUM	Painel Freijo Puro MDF	1570x25x250	comp	
RAFAEL CLARET/SALA_VARANDA	MODULO_COMUM	Painel Freijo Puro MDF	1570x25x316	comp	
RAFAEL CLARET/SALA_VARANDA	MODULO_COMUM	Painel Volakas MDF	1250x18x1570	comp	
RAFAEL CLARET/SALA_VARANDA	PAINEL_OCULTO	Tamponamento	132x25x70	comp	
RAFAEL CLARET/SALA_VARANDA	PAINEL_OCULTO	Tamponamento	132x25x70	comp	
RAFAEL CLARET/SALA_VARANDA	PAINEL_OCULTO	Tamponamento	1250x25x70	comp	
RAFAEL CLARET/SALA_VARANDA	PAINEL_OCULTO	Tamponamento	1250x25x70	comp	
RAFAEL CLARET/SALA_VARANDA	MODULO_COMUM	Tamponamento Inferior	1570x18x370	comp	
RAFAEL CLARET/SALA_VARANDA	RODAPE_OCULTO	Painel Freijo Puro MDF	332x18x100	comp	
RAFAEL CLARET/SALA_VARANDA	RODAPE_OCULTO	Painel Freijo Puro MDF	332x18x100	comp	
RAFAEL CLARET/SALA_VARANDA	MODULO_COMUM	Painel Freijo Puro MDF	1570x18x100	comp	
RAFAEL CLARET/SALA_VARANDA	MODULO_COMUM	Balcão 2 Portas	730x724x577	mod	
RAFAEL CLARET/SALA_VARANDA	MODULO_COMUM	Balcão 2 Portas	730x724x577	mod	
RAFAEL CLARET/SALA_VARANDA	MODULO_COMUM	Painel Freijo Puro MDF	600x25x250	comp	
RAFAEL CLARET/SALA_VARANDA	MODULO_COMUM	Painel Freijo Puro MDF	600x25x250	comp	
RAFAEL CLARET/SALA_VARANDA	PAINEL_OCULTO	Tamponamento	857x25x70	comp	
RAFAEL CLARET/SALA_VARANDA	PAINEL_OCULTO	Painel Freijo Puro MDF	857x18x564	comp	
RAFAEL CLARET/SALA_VARANDA	PAINEL_OCULTO	Painel Branco MDF	780x18x120	comp	
RAFAEL CLARET/SALA_VARANDA	PAINEL_OCULTO	Painel Branco MDF	780x18x120	comp	
RAFAEL CLARET/SALA_VARANDA	MODULO_COMUM	Painel Freijo Puro MDF	857x18x672	comp	
RAFAEL CLARET/SALA_VARANDA	PAINEL_OCULTO	Tamponamento	857x25x70	comp	
RAFAEL CLARET/SUITE_CASAL	MODULO_COMUM	Balcão Inferior 1750x750x307mm	1750x750x307	mod	
RAFAEL CLARET/SUITE_CASAL	MODULO_COMUM	Painel Metallic Sued MDF	829x18x300	comp	
RAFAEL CLARET/SUITE_CASAL	MODULO_COMUM	Tamponamento	2700x18x70	comp	
RAFAEL CLARET/SUITE_CASAL	MODULO_COMUM	Tamponamento	2700x18x330	comp	
RAFAEL CLARET/SUITE_CASAL	MODULO_COMUM	Tamponamento	330x18x120	comp	
RAFAEL CLARET/SUITE_CASAL	RODAPE_OCULTO	Tamponamento	300x18x90	comp	
RAFAEL CLARET/SUITE_CASAL	MODULO_COMUM	Tamponamento	1800x18x90	comp	
RAFAEL CLARET/SUITE_CASAL	MODULO_COMUM	Tamponamento	750x18x70	comp	
RAFAEL CLARET/SUITE_CASAL	MODULO_COMUM	Tamponamento	330x18x120	comp	
RAFAEL CLARET/SUITE_CASAL	MODULO_COMUM	Armário c/ Portas de Giro c/ Rodapé	2770x2350x580	mod	
RAFAEL CLARET/SUITE_CASAL	MODULO_COMUM	Tamponamento	1460x18x70	comp	
RAFAEL CLARET/SUITE_CASAL	MODULO_COMUM	Tamponamento	1460x18x70	comp	
RAFAEL CLARET/SUITE_CASAL	MODULO_COMUM	Tamponamento	1460x18x70	comp	
RAFAEL CLARET/SUITE_CASAL	MODULO_COMUM	Tamponamento	1460x18x70	comp	
RAFAEL CLARET/SUITE_CASAL	MODULO_COMUM	Tamponamento	2350x18x70	comp	
RAFAEL CLARET/SUITE_CASAL	MODULO_COMUM	Tamponamento	2350x18x70	comp	
RAFAEL CLARET/SUITE_CASAL	MODULO_COMUM	Mesa de cabeceira 01 Gaveta com nicho	430x400x328	mod	
RENAN/Nova pasta	MODULO_COMUM	Armário Superior 370x864x350mm	370x864x350	mod	
RENAN/Nova pasta	MODULO_COMUM	Armário Superior 740x350x350mm	740x350x350	mod	
RENAN/Nova pasta	MODULO_COMUM	Armário Superior 740x514x350mm	740x514x350	mod	
RENAN/Nova pasta	MODULO_COMUM	Armário Superior 740x864x350mm	740x864x350	mod	
RENAN/Nova pasta	MODULO_COMUM	Armário Superior 740x864x350mm	740x864x350	mod	
RENAN/Nova pasta	MODULO_COMUM	Balcão Inferior 740x680x550mm	740x680x550	mod	
RENAN/Nova pasta	MODULO_COMUM	Balcão Inferior 740x680x550mm	740x680x550	mod	
RENAN/Nova pasta	MODULO_COMUM	Balcão Inferior 740x680x550mm	740x680x550	mod	
RENAN/Nova pasta	CANTO_RETO	Balcão Canto Reto Direito 2 Portas	1300x680x633	mod	OK
RENAN/Nova pasta	MODULO_COMUM	Painel Verti MDF	2628x18x370	comp	
RENAN/Nova pasta	MODULO_COMUM	Painel Verti MDF	680x18x60	comp	
RENAN/Nova pasta	MODULO_COMUM	Painel Verti MDF	882x18x370	comp	
RENAN/Nova pasta	MODULO_COMUM	Painel Verti MDF	882x18x370	comp	
RENAN/Nova pasta	MODULO_COMUM	Painel Verti MDF	2592x18x60	comp	
RENAN/Nova pasta	MODULO_COMUM	Balcão Inferior 196x680x550mm	196x680x550	mod	
TIAGO VOLPI/COZINHA	MODULO_COMUM	Armário Despenseiro  565x2200x570mm	565x2200x570	mod	
TIAGO VOLPI/COZINHA	MODULO_COMUM	Armário Superior 390x430x380mm	390x430x380	mod	
TIAGO VOLPI/COZINHA	MODULO_COMUM	Armário Superior 600x370x570mm	600x370x570	mod	
TIAGO VOLPI/COZINHA	MODULO_COMUM	Armário Superior 600x370x570mm	600x370x570	mod	
TIAGO VOLPI/COZINHA	MODULO_COMUM	Armário Superior 700x812x380mm	700x812x380	mod	
TIAGO VOLPI/COZINHA	MODULO_COMUM	Armário Superior 770x420x615mm	770x420x615	mod	
TIAGO VOLPI/COZINHA	MODULO_COMUM	Balcão Inferior 390x700x615mm	390x700x615	mod	
TIAGO VOLPI/COZINHA	MODULO_COMUM	Armário Superior 778x430x380mm	778x430x380	mod	
TIAGO VOLPI/COZINHA	MODULO_COMUM	Balcão Inferior 779x700x615mm	779x700x615	mod	
TIAGO VOLPI/COZINHA	MODULO_COMUM	Painel Pecan MDF	1200x18x590	comp	
TIAGO VOLPI/COZINHA	MODULO_COMUM	Painel Itapua MDF	1132x18x364	comp	
TIAGO VOLPI/COZINHA	MODULO_COMUM	Painel Itapua MDF	364x18x400	comp	
TIAGO VOLPI/COZINHA	MODULO_COMUM	Painel Itapua MDF	1168x18x400	comp	
TIAGO VOLPI/COZINHA	MODULO_COMUM	Painel Itapua MDF	1168x18x400	comp	
TIAGO VOLPI/COZINHA	PAINEL_OCULTO	Painel Pecan MDF	2320x18x60	comp	
TIAGO VOLPI/COZINHA	MODULO_COMUM	Painel Pecan MDF	2700x18x80	comp	
TIAGO VOLPI/COZINHA	MODULO_COMUM	Painel Pecan MDF	2700x18x80	comp	
TIAGO VOLPI/COZINHA	PAINEL_OCULTO	Painel Pecan MDF	2700x18x80	comp	
TIAGO VOLPI/COZINHA	MODULO_COMUM	Painel Pecan MDF	930x18x280	comp	
TIAGO VOLPI/COZINHA	MODULO_COMUM	Painel Pecan MDF	700x18x400	comp	
TIAGO VOLPI/COZINHA	MODULO_COMUM	Painel Pecan MDF	770x18x635	comp	
TIAGO VOLPI/COZINHA	PAINEL_OCULTO	Painel Pecan MDF	693x18x700	comp	
TIAGO VOLPI/COZINHA	MODULO_COMUM	Painel Pecan MDF	2200x18x635	comp	
TIAGO VOLPI/COZINHA	MODULO_COMUM	Painel Pecan MDF	2200x18x635	comp	
TIAGO VOLPI/COZINHA	MODULO_COMUM	Armário Superior 675x930x280mm	675x930x280	mod	
TIAGO VOLPI/COZINHA	MODULO_COMUM	Balcão Inferior 700x700x380mm	700x700x380	mod	
TIAGO VOLPI/COZINHA	MODULO_COMUM	Balcão Inferior 700x700x380mm	700x700x380	mod	
TIAGO VOLPI/COZINHA	MODULO_COMUM	Painel Pecan MDF	1350x18x300	comp	
TIAGO VOLPI/COZINHA	PAINEL_OCULTO	Painel Pecan MDF	639x18x60	comp	
TIAGO VOLPI/COZINHA	MODULO_COMUM	Painel Pecan MDF	639x18x60	comp	
TIAGO VOLPI/COZINHA	MODULO_COMUM	Painel Pecan MDF	639x18x60	comp	
TIAGO VOLPI/COZINHA	MODULO_COMUM	Painel Pecan MDF	639x18x60	comp	
TIAGO VOLPI/COZINHA	MODULO_COMUM	Painel Pecan MDF	930x18x280	comp	
TIAGO VOLPI/COZINHA	MODULO_COMUM	Balcão Inferior 200x700x412mm	200x700x412	mod	
TIAGO VOLPI/COZINHA	MODULO_COMUM	Balcão Inferior 540x700x412mm	540x700x412	mod	
TIAGO VOLPI/COZINHA	MODULO_COMUM	Armário Superior 582x500x350mm	582x500x350	mod	
TIAGO VOLPI/COZINHA	MODULO_COMUM	Balcão Inferior 400x700x412mm	400x700x412	mod	
TIAGO VOLPI/COZINHA	PAINEL_OCULTO	Painel Itapua MDF	700x18x1140	comp	
TIAGO VOLPI/COZINHA	PAINEL_OCULTO	Painel Pecan MDF	1141x18x100	comp	
TIAGO VOLPI/COZINHA	MODULO_COMUM	Painel Pecan MDF	540x18x390	comp	
TIAGO VOLPI/COZINHA	MODULO_COMUM	Painel Pecan MDF	2700x25x390	comp	
TIAGO VOLPI/COZINHA	PAINEL_OCULTO	Painel Branco MDP	317x18x60	comp	
TIAGO VOLPI/COZINHA	PAINEL_OCULTO	Painel Branco MDP	210x18x60	comp	
TIAGO VOLPI/COZINHA	PAINEL_OCULTO	Painel Branco MDP	210x18x60	comp	
TIAGO VOLPI/COZINHA	MODULO_COMUM	Painel Pecan MDF	1141x18x100	comp	
TIAGO VOLPI/COZINHA	PAINEL_OCULTO	Painel Pecan MDF	500x18x390	comp	
TIAGO VOLPI/COZINHA	PAINEL_OCULTO	Painel Pecan MDF	700x18x600	comp	
TIAGO VOLPI/COZINHA	MODULO_COMUM	Painel Pecan MDF	700x18x600	comp	
TIAGO VOLPI/COZINHA	MODULO_COMUM	Painel Pecan MDF	600x18x390	comp	
TIAGO VOLPI/COZINHA	MODULO_COMUM	Painel Pecan MDF	600x18x390	comp	
TIAGO VOLPI/COZINHA	MODULO_COMUM	Balcão Inferior 700x700x615mm	700x700x615	mod	
TIAGO VOLPI/COZINHA	PAINEL_OCULTO	Painel Itapua MDF	364x18x400	comp	
TIAGO VOLPI/COZINHA	PAINEL_OCULTO	Painel Pecan MDF	496x18x370	comp	
TIAGO VOLPI/COZINHA	MODULO_COMUM	Balcão Inferior 744x330x350mm	744x330x350	mod	
TIAGO VOLPI/COZINHA	MODULO_COMUM	Balcão Inferior 744x330x350mm	744x330x350	mod	
TIAGO VOLPI/COZINHA	NICHO	Painel Pecan MDF	1524x25x370	comp	
TIAGO VOLPI/COZINHA	NICHO	Painel Pecan MDF	1488x18x130	comp	
TIAGO VOLPI/COZINHA	NICHO	Painel Pecan MDF	1488x18x370	comp	
TIAGO VOLPI/COZINHA	NICHO	Painel Pecan MDF	496x18x370	comp	
TIAGO VOLPI/COZINHA	NICHO	Painel Pecan MDF	1488x18x60	comp	
TIAGO VOLPI/COZINHA	MODULO_COMUM	Painel Pecan MDF	1682x18x400	comp	
TIAGO VOLPI/COZINHA	PAINEL_OCULTO	Painel Pecan MDF	1250x18x450	comp	
TIAGO VOLPI/COZINHA	PAINEL_OCULTO	Painel Pecan MDF	450x18x414	comp	
TIAGO VOLPI/COZINHA	MODULO_COMUM	Painel Pecan MDF	1400x18x400	comp	
TIAGO VOLPI/COZINHA	PAINEL_OCULTO	Painel Pecan MDF	1400x18x450	comp	
TIAGO VOLPI/COZINHA	MODULO_COMUM	Painel Pecan MDF	1250x18x450	comp	
TIAGO VOLPI/COZINHA	MODULO_COMUM	Painel Pecan MDF	450x18x414	comp	
TIAGO VOLPI/COZINHA	PAINEL_OCULTO	Painel Pecan MDF	450x18x414	comp	
TIAGO VOLPI/COZINHA	MODULO_COMUM	Painel Pecan MDF	1400x18x450	comp	
TIAGO VOLPI/COZINHA	MODULO_COMUM	Painel Pecan MDF	450x18x414	comp	
TIAGO VOLPI/DORMITÓIRIO	MODULO_COMUM	Balcão Inferior 490x250x280mm	490x250x280	mod	
TIAGO VOLPI/DORMITÓIRIO	PAINEL_OCULTO	Painel Branco MDF	70x25x889	comp	
TIAGO VOLPI/DORMITÓIRIO	PAINEL_OCULTO	Painel Branco MDF	70x25x889	comp	
TIAGO VOLPI/DORMITÓIRIO	MODULO_COMUM	Painel Freijo Puro MDF	491x18x300	comp	
TIAGO VOLPI/DORMITÓIRIO	MODULO_COMUM	Painel Freijo Puro MDF	1090x15x1540	comp	
TIAGO VOLPI/DORMITÓIRIO	PAINEL_OCULTO	Painel Freijo Puro MDF	70x25x1492	comp	
TIAGO VOLPI/DORMITÓIRIO	MODULO_COMUM	Armário c/ Portas de Giro c/ Rodapé	1234x2540x560	mod	
TIAGO VOLPI/DORMITÓIRIO	MODULO_COMUM	Tamponamento Inferior	1234x18x80	comp	
TIAGO VOLPI/DORMITÓIRIO	MODULO_COMUM	Tamponamento Inferior	1234x18x100	comp	
TIAGO VOLPI/DORMITÓIRIO	MODULO_COMUM	Tamponamento Inferior	2643x18x70	comp	
TIAGO VOLPI/DORMITÓIRIO	MODULO_COMUM	Tamponamento Inferior	2643x18x70	comp	
TIAGO VOLPI/DORMITÓIRIO	MODULO_COMUM	Tamponamento Inferior	2643x18x100	comp	
TIAGO VOLPI/DORMITÓIRIO	MODULO_COMUM	Tamponamento Inferior	2643x18x390	comp	
TIAGO VOLPI/DORMITÓIRIO	MODULO_COMUM	Balcão Inferior 920x165x380mm	920x165x380	mod	
TIAGO VOLPI/DORMITÓIRIO	PAINEL_OCULTO	Painel Branco MDP	264x15x70	comp	
TIAGO VOLPI/DORMITÓIRIO	PAINEL_OCULTO	Painel Freijo Puro MDF	780x18x245	comp	
TIAGO VOLPI/DORMITÓIRIO	PAINEL_OCULTO	Painel Freijo Puro MDF	232x15x70	comp	
TIAGO VOLPI/DORMITÓIRIO	PAINEL_OCULTO	Painel Freijo Puro MDF	232x15x70	comp	
TIAGO VOLPI/DORMITÓIRIO	PAINEL_OCULTO	Painel Freijo Puro MDF	232x15x70	comp	
TIAGO VOLPI/DORMITÓIRIO	PAINEL_OCULTO	Painel Freijo Puro MDF	232x15x70	comp	
TIAGO VOLPI/DORMITÓIRIO	PAINEL_OCULTO	Painel Branco MDP	934x15x70	comp	
TIAGO VOLPI/DORMITÓIRIO	PAINEL_OCULTO	Painel Branco MDP	934x15x70	comp	
TIAGO VOLPI/DORMITÓIRIO	PAINEL_OCULTO	Painel Branco MDP	934x18x207	comp	
TIAGO VOLPI/DORMITÓIRIO	PAINEL_OCULTO	Painel Freijo Puro MDF	226x18x70	comp	
TIAGO VOLPI/DORMITÓIRIO	PAINEL_OCULTO	Painel Freijo Puro MDF	762x18x70	comp	
TIAGO VOLPI/DORMITÓIRIO	PAINEL_OCULTO	Painel Freijo Puro MDF	780x18x225	comp	
TIAGO VOLPI/DORMITÓRIO CASAL	MODULO_COMUM	Armário Superior 840x622x350mm	840x622x350	mod	
TIAGO VOLPI/DORMITÓRIO CASAL	MODULO_COMUM	Armário Superior 840x622x350mm	840x622x350	mod	
TIAGO VOLPI/DORMITÓRIO CASAL	MODULO_COMUM	Armário Superior 840x622x350mm	840x622x350	mod	
TIAGO VOLPI/DORMITÓRIO CASAL	MODULO_COMUM	Balcão Inferior 493x165x350mm	493x165x350	mod	
TIAGO VOLPI/DORMITÓRIO CASAL	MODULO_COMUM	Balcão Inferior 493x165x350mm	493x165x350	mod	
TIAGO VOLPI/DORMITÓRIO CASAL	PAINEL_OCULTO	Painel Branco MDP	568x18x60	comp	
TIAGO VOLPI/DORMITÓRIO CASAL	PAINEL_OCULTO	Painel Branco MDP	568x18x60	comp	
TIAGO VOLPI/DORMITÓRIO CASAL	PAINEL_OCULTO	Painel Branco MDP	568x18x60	comp	
TIAGO VOLPI/DORMITÓRIO CASAL	PAINEL_OCULTO	Painel Branco MDP	568x18x60	comp	
TIAGO VOLPI/DORMITÓRIO CASAL	PAINEL_OCULTO	Painel Branco MDP	1170x18x60	comp	
TIAGO VOLPI/DORMITÓRIO CASAL	PAINEL_OCULTO	Painel Branco MDP	1170x18x60	comp	
TIAGO VOLPI/DORMITÓRIO CASAL	PAINEL_OCULTO	Painel Branco MDP	1170x18x60	comp	
TIAGO VOLPI/DORMITÓRIO CASAL	PAINEL_OCULTO	Painel Branco MDP	400x18x60	comp	
TIAGO VOLPI/DORMITÓRIO CASAL	PAINEL_OCULTO	Painel Branco MDP	400x18x60	comp	
TIAGO VOLPI/DORMITÓRIO CASAL	PAINEL_OCULTO	Painel Branco MDP	400x18x60	comp	
TIAGO VOLPI/DORMITÓRIO CASAL	PAINEL_OCULTO	Painel Branco MDP	400x18x60	comp	
TIAGO VOLPI/DORMITÓRIO CASAL	MODULO_COMUM	Painel Frassino Almendra MDP	530x18x370	comp	
TIAGO VOLPI/DORMITÓRIO CASAL	MODULO_COMUM	Painel Frassino Almendra MDP	530x18x370	comp	
TIAGO VOLPI/DORMITÓRIO CASAL	MODULO_COMUM	Painel Frassino Almendra MDP	648x18x530	comp	
TIAGO VOLPI/DORMITÓRIO CASAL	MODULO_COMUM	Painel Frassino Almendra MDP	648x18x530	comp	
TIAGO VOLPI/DORMITÓRIO CASAL	PAINEL_OCULTO	Painel Frassino Almendra MDP	1250x18x1502	comp	
TIAGO VOLPI/DORMITÓRIO CASAL	MODULO_COMUM	Painel Frassino Almendra MDP	400x18x530	comp	
TIAGO VOLPI/DORMITÓRIO CASAL	MODULO_COMUM	Painel Frassino Almendra MDP	400x18x530	comp	
TIAGO VOLPI/DORMITÓRIO CASAL	PAINEL_OCULTO	Painel Frassino Almendra MDP	2562x18x60	comp	
TIAGO VOLPI/DORMITÓRIO CASAL	RODAPE_OCULTO	Painel Nude MDP	600x18x1390	comp	
TIAGO VOLPI/DORMITÓRIO CASAL	MODULO_COMUM	Painel Nude MDP	2562x18x350	comp	
TIAGO VOLPI/DORMITÓRIO CASAL	MODULO_COMUM	Painel Frassino Almendra MDP	184x18x370	comp	
TIAGO VOLPI/DORMITÓRIO CASAL	MODULO_COMUM	Painel Frassino Almendra MDP	184x18x370	comp	
TIAGO VOLPI/DORMITÓRIO CASAL	MODULO_COMUM	Painel Frassino Almendra MDP	184x18x370	comp	
TIAGO VOLPI/DORMITÓRIO CASAL	MODULO_COMUM	Painel Frassino Almendra MDP	184x18x370	comp	
TIAGO VOLPI/DORMITÓRIO CASAL	MODULO_COMUM	Painel Frassino Almendra MDP	494x18x60	comp	
TIAGO VOLPI/DORMITÓRIO CASAL	MODULO_COMUM	Painel Frassino Almendra MDP	494x18x60	comp	
TIAGO VOLPI/DORMITÓRIO CASAL	MODULO_COMUM	Painel Nude MDP	1956x18x600	comp	
TIAGO VOLPI/DORMITÓRIO CASAL	MODULO_COMUM	Painel Nude MDP	1956x18x600	comp	
TIAGO VOLPI/DORMITÓRIO CASAL	PAINEL_OCULTO	Painel Nude MDP	600x18x1390	comp	
TIAGO VOLPI/DORMITÓRIO CASAL	MODULO_COMUM	Armário c/ Portas de Giro c/ Rodapé	700x2590x580	mod	
TIAGO VOLPI/DORMITÓRIO CASAL	CANTO_L_ESQ	Armário Canto L Esquerdo	970x2590x980	mod	OK
TIAGO VOLPI/DORMITÓRIO CASAL	PAINEL_OCULTO	Painel Nude MDP	80x18x1080	comp	
TIAGO VOLPI/DORMITÓRIO CASAL	MODULO_COMUM	Painel Nude MDP	2700x18x60	comp	
TIAGO VOLPI/DORMITÓRIO CASAL	PAINEL_OCULTO	Painel Nude MDP	80x18x432	comp	
TIAGO VOLPI/DORMITÓRIO CASAL	MODULO_COMUM	Painel Nude MDP	2700x18x100	comp	
TIAGO VOLPI/DORMITÓRIO CASAL	MODULO_COMUM	Painel Nude MDP	2700x18x100	comp	
TIAGO VOLPI/DORMITÓRIO CASAL	PAINEL_OCULTO	Painel Branco MDP	2100x18x60	comp	
TIAGO VOLPI/DORMITÓRIO CASAL	PAINEL_OCULTO	Painel Nude MDP	525x18x1150	comp	
TIAGO VOLPI/DORMITÓRIO CASAL	PAINEL_OCULTO	Painel Nude MDP	525x18x1150	comp	
TIAGO VOLPI/DORMITÓRIO CASAL	MODULO_COMUM	Painel Nude MDP	525x18x1150	comp	
TIAGO VOLPI/DORMITÓRIO CASAL	MODULO_COMUM	Painel Nude MDP	525x18x1150	comp	
TIAGO VOLPI/DORMITÓRIO CASAL	PAINEL_OCULTO	Painel Nude MDP	2100x18x60	comp	
TIAGO VOLPI/DORMITÓRIO CASAL	PAINEL_OCULTO	Painel Nude MDP	2100x18x60	comp	
